<?xml version="1.0" encoding="UTF-8"?>
<project-private xmlns="http://www.netbeans.org/ns/project-private/1">
    <editor-bookmarks xmlns="http://www.netbeans.org/ns/editor-bookmarks/2" lastBookmarkId="0"/>
    <open-files xmlns="http://www.netbeans.org/ns/projectui-open-files/2">
        <group>
            <file>file:/Users/made/Documents/UTS-OOP-J-2301010112/UTS-OOP-J-2301010112/src/uts/oop/j/pkg2301010112/UTSOOPJ2301010112.java</file>
            <file>file:/Users/made/Documents/UTS-OOP-J-2301010112/UTS-OOP-J-2301010112/src/uts/oop/j/pkg2301010112/Note.java</file>
        </group>
    </open-files>
</project-private>
